requested_mm,origin_x,origin_y,origin_z,commanded_x,commanded_y,commanded_z,first_x,first_y,first_z,settled_x,settled_y,settled_z,err_x,err_y,err_z,commanded_travel,actual_travel,travel_ratio,settling
1.0,33.0,-161.0,89.0,32.58,-160.17,88.63,33.0,-161.0,90.0,33.0,-161.0,90.0,0.42,-0.83,1.37,1.0,1.0,0.999,0.0
2.0,33.0,-161.0,90.0,32.37,-162.85,89.58,33.0,-161.0,90.0,33.0,-161.0,90.0,0.63,1.85,0.42,2.0,0.0,0.0,0.0
3.0,33.0,-161.0,90.0,35.11,-160.19,91.97,34.0,-162.0,91.0,34.0,-162.0,91.0,-1.11,-1.81,-0.97,3.0,1.73,0.578,0.0
5.0,34.0,-162.0,91.0,36.48,-158.07,92.85,35.0,-159.0,92.0,36.0,-159.0,92.0,-0.48,-0.93,-0.85,5.0,3.74,0.748,1.0
8.0,36.0,-159.0,92.0,29.13,-155.47,94.09,30.0,-156.0,93.0,30.0,-156.0,94.0,0.87,-0.53,-0.09,8.0,7.0,0.875,1.0
12.0,30.0,-156.0,94.0,32.41,-164.18,85.56,32.0,-165.0,87.0,32.0,-165.0,86.0,-0.41,-0.82,0.44,12.0,12.21,1.017,1.0
20.0,32.0,-165.0,86.0,15.07,-173.91,91.81,17.0,-172.0,90.0,16.0,-172.0,90.0,0.93,1.91,-1.81,19.99,17.92,0.896,1.0
30.0,16.0,-172.0,90.0,14.34,-153.13,66.74,14.0,-154.0,67.0,13.0,-154.0,67.0,-1.34,-0.87,0.26,30.0,29.36,0.979,1.0
1.0,13.0,-154.0,67.0,13.37,-153.52,66.2,14.0,-154.0,67.0,13.0,-154.0,67.0,-0.37,-0.48,0.8,1.0,0.0,0.0,1.0
2.0,13.0,-154.0,67.0,14.59,-153.49,68.11,14.0,-154.0,67.0,14.0,-154.0,67.0,-0.59,-0.51,-1.11,2.01,1.0,0.499,0.0
3.0,14.0,-154.0,67.0,12.18,-156.17,65.99,13.0,-155.0,66.0,13.0,-156.0,66.0,0.82,0.17,0.01,3.01,2.45,0.815,1.0
5.0,13.0,-156.0,66.0,12.23,-151.4,67.81,13.0,-154.0,67.0,13.0,-154.0,67.0,0.77,-2.6,-0.81,5.0,2.24,0.447,0.0
8.0,13.0,-154.0,67.0,9.96,-160.5,63.46,10.0,-159.0,64.0,10.0,-159.0,64.0,0.04,1.5,0.54,8.0,6.56,0.82,0.0
12.0,10.0,-159.0,64.0,19.87,-165.53,65.98,17.0,-163.0,66.0,18.0,-163.0,66.0,-1.87,2.53,0.02,12.0,9.17,0.764,1.0
20.0,18.0,-163.0,66.0,23.5,-182.22,66.63,21.0,-180.0,65.0,22.0,-180.0,65.0,-1.5,2.22,-1.63,20.0,17.49,0.875,1.0
30.0,22.0,-180.0,65.0,38.18,-155.05,61.02,36.0,-159.0,60.0,38.0,-157.0,60.0,-0.18,-1.95,-1.02,30.0,28.46,0.949,2.83
1.0,38.0,-157.0,60.0,37.89,-157.85,60.52,38.0,-158.0,60.0,38.0,-158.0,60.0,0.11,-0.15,-0.52,1.0,1.0,0.998,0.0
2.0,38.0,-158.0,60.0,37.93,-159.74,60.98,38.0,-159.0,61.0,38.0,-159.0,61.0,0.07,0.74,0.02,2.0,1.41,0.708,0.0
3.0,38.0,-159.0,61.0,39.09,-157.47,63.34,39.0,-159.0,62.0,38.0,-158.0,62.0,-1.09,-0.53,-1.34,3.0,1.41,0.471,1.41
5.0,38.0,-158.0,62.0,39.34,-157.56,57.2,38.0,-158.0,58.0,38.0,-158.0,58.0,-1.34,-0.44,0.8,5.0,4.0,0.8,0.0
8.0,38.0,-158.0,58.0,43.03,-163.0,61.7,41.0,-162.0,61.0,42.0,-163.0,60.0,-1.03,0.0,-1.7,8.0,6.71,0.839,1.73
12.0,42.0,-163.0,60.0,32.96,-169.92,56.2,34.0,-169.0,57.0,33.0,-169.0,57.0,0.04,0.92,0.8,12.0,11.22,0.935,1.0
20.0,33.0,-169.0,57.0,42.16,-183.44,67.36,40.0,-182.0,65.0,40.0,-182.0,65.0,-2.16,1.44,-2.36,19.99,16.79,0.84,0.0
30.0,40.0,-182.0,65.0,44.56,-154.48,76.03,44.0,-157.0,76.0,44.0,-156.0,76.0,-0.56,-1.52,-0.03,30.0,28.51,0.951,1.0
