x,y,z,edge,outcome,limit_kind,plane_z,predicted_x,predicted_y
1.0,-287.0,101.0,r_max,refused,arm,104.0,0.0,-287.0
34.0,-284.0,100.0,r_max,refused,arm,104.0,37.5,-285.2
72.0,-277.0,101.0,r_max,refused,arm,104.0,75.0,-279.9
109.0,-265.0,101.0,r_max,refused,arm,104.0,110.8,-267.4
142.0,-249.0,101.0,r_max,refused,arm,104.0,143.5,-248.6
174.0,-228.0,101.0,r_max,refused,arm,104.0,174.9,-227.9
202.0,-203.0,101.0,r_max,refused,arm,104.0,203.2,-203.2
227.0,-175.0,100.0,r_max,refused,arm,104.0,227.9,-174.9
248.0,-144.0,101.0,r_max,refused,arm,104.0,248.6,-143.5
265.0,-109.0,101.0,r_max,refused,arm,104.0,267.4,-110.8
276.0,-75.0,100.0,r_max,refused,arm,104.0,279.9,-75.0
284.0,-39.0,99.0,r_max,refused,arm,104.0,285.2,-37.5
287.0,-1.0,100.0,r_max,refused,arm,104.0,287.0,0.0
284.0,36.0,101.0,r_max,refused,arm,104.0,285.2,37.5
278.0,72.0,103.0,r_max,refused,arm,104.0,279.9,75.0
266.0,107.0,101.0,r_max,refused,arm,104.0,267.4,110.8
216.0,123.0,101.0,r_max,reached,sanity,104.0,148.2,85.5
85.0,49.0,105.0,r_min,no_fly,incomplete,104.0,134.3,77.5
78.9,32.7,104.0,r_min,skipped,no_fly,104.0,78.9,32.7
79.0,21.2,104.0,r_min,skipped,no_fly,104.0,79.0,21.2
79.0,10.4,104.0,r_min,skipped,no_fly,104.0,79.0,10.4
79.0,0.0,104.0,r_min,skipped,no_fly,104.0,79.0,0.0
79.0,-10.4,104.0,r_min,skipped,no_fly,104.0,79.0,-10.4
79.0,-21.2,104.0,r_min,skipped,no_fly,104.0,79.0,-21.2
78.9,-32.7,104.0,r_min,skipped,no_fly,104.0,78.9,-32.7
78.9,-45.5,104.0,r_min,skipped,no_fly,104.0,78.9,-45.5
78.8,-60.5,104.0,r_min,skipped,no_fly,104.0,78.8,-60.5
78.7,-78.7,104.0,r_min,skipped,no_fly,104.0,78.7,-78.7
60.5,-78.8,104.0,r_min,skipped,no_fly,104.0,60.5,-78.8
45.5,-78.9,104.0,r_min,skipped,no_fly,104.0,45.5,-78.9
32.7,-78.9,104.0,r_min,skipped,no_fly,104.0,32.7,-78.9
21.2,-79.0,104.0,r_min,skipped,no_fly,104.0,21.2,-79.0
10.4,-79.0,104.0,r_min,skipped,no_fly,104.0,10.4,-79.0
0.0,-79.0,104.0,r_min,skipped,no_fly,104.0,0.0,-79.0
3.0,-287.0,81.0,r_max,refused,arm,84.0,0.0,-291.0
34.0,-285.0,82.0,r_max,refused,arm,84.0,37.5,-285.2
72.0,-278.0,81.0,r_max,refused,arm,84.0,75.0,-279.9
107.0,-266.0,81.0,r_max,refused,arm,84.0,110.8,-267.4
142.0,-249.0,82.0,r_max,refused,arm,84.0,145.5,-252.1
174.0,-228.0,81.0,r_max,refused,arm,84.0,177.3,-231.1
202.0,-204.0,82.0,r_max,refused,arm,84.0,206.0,-206.0
227.0,-175.0,81.0,r_max,refused,arm,84.0,231.1,-177.3
249.0,-144.0,81.0,r_max,refused,arm,84.0,252.1,-145.5
265.0,-110.0,80.0,r_max,refused,arm,84.0,267.4,-110.8
278.0,-73.0,82.0,r_max,refused,arm,84.0,279.9,-75.0
285.0,-39.0,83.0,r_max,refused,arm,84.0,285.2,-37.5
287.0,-1.0,83.0,r_max,refused,arm,84.0,291.0,0.0
285.0,36.0,82.0,r_max,refused,arm,84.0,285.2,37.5
278.0,73.0,83.0,r_max,refused,arm,84.0,279.9,75.0
266.0,108.0,81.0,r_max,refused,arm,84.0,267.4,110.8
216.0,123.0,82.0,r_max,reached,sanity,84.0,148.2,85.5
87.0,50.0,85.0,r_min,no_fly,incomplete,84.0,134.3,77.5
78.9,32.7,84.0,r_min,skipped,no_fly,84.0,78.9,32.7
79.0,21.2,84.0,r_min,skipped,no_fly,84.0,79.0,21.2
79.0,10.4,84.0,r_min,skipped,no_fly,84.0,79.0,10.4
79.0,0.0,84.0,r_min,skipped,no_fly,84.0,79.0,0.0
79.0,-10.4,84.0,r_min,skipped,no_fly,84.0,79.0,-10.4
79.0,-21.2,84.0,r_min,skipped,no_fly,84.0,79.0,-21.2
78.9,-32.7,84.0,r_min,skipped,no_fly,84.0,78.9,-32.7
78.9,-45.5,84.0,r_min,skipped,no_fly,84.0,78.9,-45.5
78.8,-60.5,84.0,r_min,skipped,no_fly,84.0,78.8,-60.5
78.7,-78.7,84.0,r_min,skipped,no_fly,84.0,78.7,-78.7
60.5,-78.8,84.0,r_min,skipped,no_fly,84.0,60.5,-78.8
45.5,-78.9,84.0,r_min,skipped,no_fly,84.0,45.5,-78.9
32.7,-78.9,84.0,r_min,skipped,no_fly,84.0,32.7,-78.9
21.2,-79.0,84.0,r_min,skipped,no_fly,84.0,21.2,-79.0
10.4,-79.0,84.0,r_min,skipped,no_fly,84.0,10.4,-79.0
0.0,-79.0,84.0,r_min,skipped,no_fly,84.0,0.0,-79.0
1.0,-283.0,120.0,r_max,refused,arm,124.0,0.0,-283.0
33.0,-281.0,122.0,r_max,refused,arm,124.0,37.0,-281.2
71.0,-274.0,120.0,r_max,refused,arm,124.0,72.9,-272.1
106.0,-262.0,121.0,r_max,refused,arm,124.0,107.7,-260.0
140.0,-245.0,121.0,r_max,refused,arm,124.0,141.5,-245.1
172.0,-224.0,120.0,r_max,refused,arm,124.0,172.5,-224.8
200.0,-199.0,120.0,r_max,refused,arm,124.0,200.3,-200.3
224.0,-173.0,121.0,r_max,refused,arm,124.0,224.8,-172.5
244.0,-141.0,121.0,r_max,refused,arm,124.0,245.1,-141.5
261.0,-108.0,121.0,r_max,refused,arm,124.0,260.0,-107.7
273.0,-74.0,121.0,r_max,refused,arm,124.0,272.1,-72.9
281.0,-38.0,120.0,r_max,refused,arm,124.0,281.2,-37.0
283.0,-1.0,120.0,r_max,refused,arm,124.0,283.0,0.0
281.0,36.0,121.0,r_max,refused,arm,124.0,281.2,37.0
274.0,72.0,120.0,r_max,refused,arm,124.0,272.1,72.9
263.0,106.0,121.0,r_max,refused,arm,124.0,260.0,107.7
217.0,122.0,121.0,r_max,reached,sanity,124.0,148.2,85.5
82.0,47.0,123.0,r_min,no_fly,incomplete,124.0,134.3,77.5
78.9,32.7,124.0,r_min,skipped,no_fly,124.0,78.9,32.7
79.0,21.2,124.0,r_min,skipped,no_fly,124.0,79.0,21.2
79.0,10.4,124.0,r_min,skipped,no_fly,124.0,79.0,10.4
79.0,0.0,124.0,r_min,skipped,no_fly,124.0,79.0,0.0
79.0,-10.4,124.0,r_min,skipped,no_fly,124.0,79.0,-10.4
79.0,-21.2,124.0,r_min,skipped,no_fly,124.0,79.0,-21.2
78.9,-32.7,124.0,r_min,skipped,no_fly,124.0,78.9,-32.7
78.9,-45.5,124.0,r_min,skipped,no_fly,124.0,78.9,-45.5
78.8,-60.5,124.0,r_min,skipped,no_fly,124.0,78.8,-60.5
78.7,-78.7,124.0,r_min,skipped,no_fly,124.0,78.7,-78.7
60.5,-78.8,124.0,r_min,skipped,no_fly,124.0,60.5,-78.8
45.5,-78.9,124.0,r_min,skipped,no_fly,124.0,45.5,-78.9
32.7,-78.9,124.0,r_min,skipped,no_fly,124.0,32.7,-78.9
21.2,-79.0,124.0,r_min,skipped,no_fly,124.0,21.2,-79.0
10.4,-79.0,124.0,r_min,skipped,no_fly,124.0,10.4,-79.0
0.0,-79.0,124.0,r_min,skipped,no_fly,124.0,0.0,-79.0
1.0,-274.0,140.0,r_max,refused,arm,144.0,0.0,-275.0
34.0,-273.0,140.0,r_max,refused,arm,144.0,36.0,-273.3
69.0,-266.0,141.0,r_max,refused,arm,144.0,70.9,-264.4
103.0,-254.0,141.0,r_max,refused,arm,144.0,104.6,-252.6
136.0,-238.0,141.0,r_max,refused,arm,144.0,137.5,-238.2
167.0,-218.0,141.0,r_max,refused,arm,144.0,167.6,-218.4
195.0,-194.0,140.0,r_max,refused,arm,144.0,194.7,-194.7
218.0,-168.0,140.0,r_max,refused,arm,144.0,218.4,-167.6
237.0,-138.0,141.0,r_max,refused,arm,144.0,238.2,-137.5
254.0,-105.0,142.0,r_max,refused,arm,144.0,252.6,-104.6
265.0,-72.0,141.0,r_max,refused,arm,144.0,264.4,-70.9
273.0,-37.0,141.0,r_max,refused,arm,144.0,273.3,-36.0
275.0,-2.0,141.0,r_max,refused,arm,144.0,275.0,0.0
273.0,35.0,141.0,r_max,refused,arm,144.0,273.3,36.0
267.0,69.0,141.0,r_max,refused,arm,144.0,264.4,70.9
255.0,103.0,141.0,r_max,refused,arm,144.0,252.6,104.6
218.0,124.0,141.0,r_max,reached,sanity,144.0,148.2,85.5
82.0,47.0,143.0,r_min,no_fly,incomplete,144.0,134.3,77.5
78.9,32.7,144.0,r_min,skipped,no_fly,144.0,78.9,32.7
79.0,21.2,144.0,r_min,skipped,no_fly,144.0,79.0,21.2
79.0,10.4,144.0,r_min,skipped,no_fly,144.0,79.0,10.4
79.0,0.0,144.0,r_min,skipped,no_fly,144.0,79.0,0.0
79.0,-10.4,144.0,r_min,skipped,no_fly,144.0,79.0,-10.4
79.0,-21.2,144.0,r_min,skipped,no_fly,144.0,79.0,-21.2
78.9,-32.7,144.0,r_min,skipped,no_fly,144.0,78.9,-32.7
78.9,-45.5,144.0,r_min,skipped,no_fly,144.0,78.9,-45.5
78.8,-60.5,144.0,r_min,skipped,no_fly,144.0,78.8,-60.5
78.7,-78.7,144.0,r_min,skipped,no_fly,144.0,78.7,-78.7
60.5,-78.8,144.0,r_min,skipped,no_fly,144.0,60.5,-78.8
45.5,-78.9,144.0,r_min,skipped,no_fly,144.0,45.5,-78.9
32.7,-78.9,144.0,r_min,skipped,no_fly,144.0,32.7,-78.9
21.2,-79.0,144.0,r_min,skipped,no_fly,144.0,21.2,-79.0
10.4,-79.0,144.0,r_min,skipped,no_fly,144.0,10.4,-79.0
0.0,-79.0,144.0,r_min,skipped,no_fly,144.0,0.0,-79.0
1.0,-262.0,162.0,r_max,refused,arm,164.0,0.0,-263.0
32.0,-260.0,160.0,r_max,refused,arm,164.0,34.4,-261.4
66.0,-255.0,161.0,r_max,refused,arm,164.0,67.7,-252.8
98.0,-244.0,161.0,r_max,refused,arm,164.0,100.0,-241.5
129.0,-226.0,163.0,r_max,refused,arm,164.0,131.5,-227.8
159.0,-208.0,162.0,r_max,refused,arm,164.0,160.3,-208.9
186.0,-185.0,161.0,r_max,refused,arm,164.0,186.2,-186.2
207.0,-160.0,162.0,r_max,refused,arm,164.0,208.9,-160.3
228.0,-131.0,161.0,r_max,refused,arm,164.0,227.8,-131.5
243.0,-100.0,161.0,r_max,refused,arm,164.0,241.5,-100.0
253.0,-68.0,160.0,r_max,refused,arm,164.0,252.8,-67.7
259.0,-35.0,160.0,r_max,refused,arm,164.0,261.4,-34.4
263.0,-2.0,162.0,r_max,refused,arm,164.0,263.0,0.0
260.0,33.0,161.0,r_max,refused,arm,164.0,261.4,34.4
254.0,65.0,161.0,r_max,refused,arm,164.0,252.8,67.7
243.0,99.0,160.0,r_max,refused,arm,164.0,241.5,100.0
217.0,124.0,162.0,r_max,reached,sanity,164.0,148.2,85.5
82.0,47.0,162.0,r_min,no_fly,incomplete,164.0,134.3,77.5
78.9,32.7,164.0,r_min,skipped,no_fly,164.0,78.9,32.7
79.0,21.2,164.0,r_min,skipped,no_fly,164.0,79.0,21.2
79.0,10.4,164.0,r_min,skipped,no_fly,164.0,79.0,10.4
79.0,0.0,164.0,r_min,skipped,no_fly,164.0,79.0,0.0
79.0,-10.4,164.0,r_min,skipped,no_fly,164.0,79.0,-10.4
79.0,-21.2,164.0,r_min,skipped,no_fly,164.0,79.0,-21.2
78.9,-32.7,164.0,r_min,skipped,no_fly,164.0,78.9,-32.7
78.9,-45.5,164.0,r_min,skipped,no_fly,164.0,78.9,-45.5
78.8,-60.5,164.0,r_min,skipped,no_fly,164.0,78.8,-60.5
78.7,-78.7,164.0,r_min,skipped,no_fly,164.0,78.7,-78.7
60.5,-78.8,164.0,r_min,skipped,no_fly,164.0,60.5,-78.8
45.5,-78.9,164.0,r_min,skipped,no_fly,164.0,45.5,-78.9
32.7,-78.9,164.0,r_min,skipped,no_fly,164.0,32.7,-78.9
21.2,-79.0,164.0,r_min,skipped,no_fly,164.0,21.2,-79.0
10.4,-79.0,164.0,r_min,skipped,no_fly,164.0,10.4,-79.0
0.0,-79.0,164.0,r_min,skipped,no_fly,164.0,0.0,-79.0
1.0,-243.0,181.0,r_max,refused,arm,184.0,0.0,-243.0
30.0,-240.0,182.0,r_max,refused,arm,184.0,31.8,-241.6
61.0,-233.0,182.0,r_max,refused,arm,184.0,62.6,-233.5
92.0,-225.0,181.0,r_max,refused,arm,184.0,92.4,-223.1
120.0,-210.0,182.0,r_max,refused,arm,184.0,121.5,-210.5
146.0,-191.0,182.0,r_max,refused,arm,184.0,148.1,-193.0
172.0,-171.0,181.0,r_max,refused,arm,184.0,172.0,-172.0
192.0,-148.0,181.0,r_max,refused,arm,184.0,193.0,-148.1
210.0,-121.0,183.0,r_max,refused,arm,184.0,210.5,-121.5
225.0,-93.0,181.0,r_max,refused,arm,184.0,223.1,-92.4
233.0,-63.0,182.0,r_max,refused,arm,184.0,233.5,-62.6
241.0,-33.0,181.0,r_max,refused,arm,184.0,241.6,-31.8
243.0,-1.0,181.0,r_max,refused,arm,184.0,243.0,0.0
240.0,30.0,181.0,r_max,refused,arm,184.0,241.6,31.8
234.0,60.0,182.0,r_max,refused,arm,184.0,233.5,62.6
224.0,90.0,182.0,r_max,refused,arm,184.0,223.1,92.4
211.0,120.0,181.0,r_max,refused,arm,184.0,148.2,85.5
82.0,47.0,182.0,r_min,no_fly,incomplete,184.0,134.3,77.5
78.9,32.7,184.0,r_min,skipped,no_fly,184.0,78.9,32.7
82.8,22.2,184.0,r_min,skipped,no_fly,184.0,82.8,22.2
83.0,10.9,184.0,r_min,skipped,no_fly,184.0,83.0,10.9
83.0,0.0,184.0,r_min,skipped,no_fly,184.0,83.0,0.0
83.0,-10.9,184.0,r_min,skipped,no_fly,184.0,83.0,-10.9
82.8,-22.2,184.0,r_min,skipped,no_fly,184.0,82.8,-22.2
78.9,-32.7,184.0,r_min,skipped,no_fly,184.0,78.9,-32.7
78.9,-45.5,184.0,r_min,skipped,no_fly,184.0,78.9,-45.5
78.8,-60.5,184.0,r_min,skipped,no_fly,184.0,78.8,-60.5
78.7,-78.7,184.0,r_min,skipped,no_fly,184.0,78.7,-78.7
60.5,-78.8,184.0,r_min,skipped,no_fly,184.0,60.5,-78.8
45.5,-78.9,184.0,r_min,skipped,no_fly,184.0,45.5,-78.9
32.7,-78.9,184.0,r_min,skipped,no_fly,184.0,32.7,-78.9
22.2,-82.8,184.0,r_min,skipped,no_fly,184.0,22.2,-82.8
10.9,-83.0,184.0,r_min,skipped,no_fly,184.0,10.9,-83.0
0.0,-83.0,184.0,r_min,skipped,no_fly,184.0,0.0,-83.0
1.0,-210.0,201.0,r_max,refused,arm,204.0,0.0,-207.0
24.0,-203.0,203.0,r_max,refused,arm,204.0,27.1,-205.9
51.0,-199.0,203.0,r_max,refused,arm,204.0,53.3,-198.7
77.0,-192.0,202.0,r_max,refused,arm,204.0,80.1,-193.5
102.0,-178.0,203.0,r_max,refused,arm,204.0,103.5,-179.3
124.0,-165.0,203.0,r_max,refused,arm,204.0,126.2,-164.5
146.0,-147.0,202.0,r_max,refused,arm,204.0,146.6,-146.6
162.0,-125.0,203.0,r_max,refused,arm,204.0,164.5,-126.2
178.0,-103.0,203.0,r_max,refused,arm,204.0,179.3,-103.5
192.0,-79.0,202.0,r_max,refused,arm,204.0,193.5,-80.1
199.0,-55.0,203.0,r_max,refused,arm,204.0,198.7,-53.3
205.0,-28.0,202.0,r_max,refused,arm,204.0,205.9,-27.1
206.0,-2.0,203.0,r_max,refused,arm,204.0,207.0,0.0
206.0,26.0,202.0,r_max,refused,arm,204.0,205.9,27.1
198.0,51.0,203.0,r_max,refused,arm,204.0,198.7,53.3
193.0,78.0,202.0,r_max,refused,arm,204.0,193.5,80.1
180.0,103.0,202.0,r_max,refused,arm,204.0,148.2,85.5
101.0,58.0,202.0,r_min,refused,arm,204.0,134.3,77.5
107.0,46.0,202.0,r_min,refused,arm,204.0,108.5,44.9
113.0,34.0,203.0,r_min,refused,arm,204.0,113.7,30.5
117.0,18.0,203.0,r_min,refused,arm,204.0,118.6,15.6
117.0,1.0,202.0,r_min,refused,arm,204.0,119.0,0.0
116.0,-10.0,202.0,r_min,refused,arm,204.0,118.6,-15.6
114.0,-25.0,202.0,r_min,refused,arm,204.0,113.7,-30.5
111.0,-43.0,203.0,r_min,refused,arm,204.0,108.5,-44.9
102.0,-55.0,202.0,r_min,refused,arm,204.0,103.1,-59.5
94.0,-68.0,202.0,r_min,refused,arm,204.0,94.7,-72.6
84.0,-80.0,203.0,r_min,refused,arm,204.0,84.4,-84.4
75.0,-92.0,203.0,r_min,refused,arm,204.0,72.6,-94.7
61.0,-100.0,202.0,r_min,refused,arm,204.0,59.5,-103.1
46.0,-107.0,202.0,r_min,refused,arm,204.0,44.9,-108.5
31.0,-113.0,203.0,r_min,refused,arm,204.0,30.5,-113.7
17.0,-118.0,203.0,r_min,refused,arm,204.0,15.6,-118.6
0.0,-117.0,203.0,r_min,refused,arm,204.0,0.0,-119.0
1.0,-286.0,60.0,r_max,refused,arm,64.0,0.0,-287.0
70.0,-271.0,60.0,r_max,z_desk,desk,64.0,75.0,-279.9
108.0,-265.0,61.0,r_max,refused,arm,64.0,110.8,-267.4
142.0,-248.0,61.0,r_max,refused,arm,64.0,143.5,-248.6
168.0,-222.0,59.0,r_max,z_desk,desk,64.0,174.9,-227.9
200.0,-202.0,60.0,r_max,z_desk,desk,64.0,203.2,-203.2
221.0,-170.0,60.0,r_max,z_desk,desk,64.0,227.9,-174.9
259.0,-107.0,59.0,r_max,z_desk,desk,64.0,267.4,-110.8
283.0,-39.0,61.0,r_max,refused,arm,64.0,285.2,-37.5
286.0,-3.0,61.0,r_max,refused,arm,64.0,287.0,0.0
272.0,70.0,60.0,r_max,z_desk,desk,64.0,279.9,75.0
216.0,123.0,62.0,r_max,reached,sanity,64.0,148.2,85.5
103.0,59.0,63.0,r_min,stalled,arm,64.0,134.3,77.5
78.9,32.7,64.0,r_min,skipped,no_fly,64.0,78.9,32.7
79.0,21.2,64.0,r_min,skipped,no_fly,64.0,79.0,21.2
79.0,10.4,64.0,r_min,skipped,no_fly,64.0,79.0,10.4
79.0,0.0,64.0,r_min,skipped,no_fly,64.0,79.0,0.0
79.0,-10.4,64.0,r_min,skipped,no_fly,64.0,79.0,-10.4
79.0,-21.2,64.0,r_min,skipped,no_fly,64.0,79.0,-21.2
78.9,-32.7,64.0,r_min,skipped,no_fly,64.0,78.9,-32.7
78.9,-45.5,64.0,r_min,skipped,no_fly,64.0,78.9,-45.5
78.8,-60.5,64.0,r_min,skipped,no_fly,64.0,78.8,-60.5
78.7,-78.7,64.0,r_min,skipped,no_fly,64.0,78.7,-78.7
60.5,-78.8,64.0,r_min,skipped,no_fly,64.0,60.5,-78.8
45.5,-78.9,64.0,r_min,skipped,no_fly,64.0,45.5,-78.9
32.7,-78.9,64.0,r_min,skipped,no_fly,64.0,32.7,-78.9
21.2,-79.0,64.0,r_min,skipped,no_fly,64.0,21.2,-79.0
10.4,-79.0,64.0,r_min,skipped,no_fly,64.0,10.4,-79.0
0.0,-79.0,64.0,r_min,skipped,no_fly,64.0,0.0,-79.0
1.0,-274.0,43.0,r_max,z_desk,desk,48.0,0.0,-287.0
32.0,-283.0,47.0,r_max,refused,arm,48.0,37.5,-285.2
198.0,-200.0,44.0,r_max,z_desk,desk,48.0,203.2,-203.2
220.0,-170.0,44.0,r_max,z_desk,desk,48.0,227.9,-174.9
263.0,-109.0,45.0,r_max,refused,arm,48.0,263.7,-109.2
266.0,70.0,44.0,r_max,z_desk,desk,48.0,276.0,74.0
216.0,122.0,46.0,r_max,reached,sanity,48.0,148.2,85.5
87.0,50.0,46.0,r_min,no_fly,incomplete,48.0,134.3,77.5
78.9,32.7,48.0,r_min,skipped,no_fly,48.0,78.9,32.7
79.0,21.2,48.0,r_min,skipped,no_fly,48.0,79.0,21.2
79.0,10.4,48.0,r_min,skipped,no_fly,48.0,79.0,10.4
79.0,0.0,48.0,r_min,skipped,no_fly,48.0,79.0,0.0
79.0,-10.4,48.0,r_min,skipped,no_fly,48.0,79.0,-10.4
79.0,-21.2,48.0,r_min,skipped,no_fly,48.0,79.0,-21.2
78.9,-32.7,48.0,r_min,skipped,no_fly,48.0,78.9,-32.7
78.9,-45.5,48.0,r_min,skipped,no_fly,48.0,78.9,-45.5
78.8,-60.5,48.0,r_min,skipped,no_fly,48.0,78.8,-60.5
78.7,-78.7,48.0,r_min,skipped,no_fly,48.0,78.7,-78.7
60.5,-78.8,48.0,r_min,skipped,no_fly,48.0,60.5,-78.8
45.5,-78.9,48.0,r_min,skipped,no_fly,48.0,45.5,-78.9
32.7,-78.9,48.0,r_min,skipped,no_fly,48.0,32.7,-78.9
21.2,-79.0,48.0,r_min,skipped,no_fly,48.0,21.2,-79.0
10.4,-79.0,48.0,r_min,skipped,no_fly,48.0,10.4,-79.0
0.0,-79.0,48.0,r_min,skipped,no_fly,48.0,0.0,-79.0
